symbol,open_time,close_time,available_at_assumed,open,high,low,close,volume
SOLUSDT,2025-01-01T00:00:00+00:00,2025-01-01T23:59:59.999000+00:00,2025-01-02T00:00:00.999000+00:00,189.31,195.33,188.0,194.28,1655160.102
SOLUSDT,2025-01-02T00:00:00+00:00,2025-01-02T23:59:59.999000+00:00,2025-01-03T00:00:00.999000+00:00,194.28,210.48,193.43,208.31,3224923.982
SOLUSDT,2025-01-03T00:00:00+00:00,2025-01-03T23:59:59.999000+00:00,2025-01-04T00:00:00.999000+00:00,208.3,219.83,205.63,217.99,3251086.556
SOLUSDT,2025-01-04T00:00:00+00:00,2025-01-04T23:59:59.999000+00:00,2025-01-05T00:00:00.999000+00:00,218.0,218.18,213.54,216.67,1943711.39
SOLUSDT,2025-01-05T00:00:00+00:00,2025-01-05T23:59:59.999000+00:00,2025-01-06T00:00:00.999000+00:00,216.67,219.05,211.46,213.41,2101040.545
SOLUSDT,2025-01-06T00:00:00+00:00,2025-01-06T23:59:59.999000+00:00,2025-01-07T00:00:00.999000+00:00,213.41,223.18,211.56,218.22,2855362.858
SOLUSDT,2025-01-07T00:00:00+00:00,2025-01-07T23:59:59.999000+00:00,2025-01-08T00:00:00.999000+00:00,218.22,219.11,201.8,202.17,3742298.284
SOLUSDT,2025-01-08T00:00:00+00:00,2025-01-08T23:59:59.999000+00:00,2025-01-09T00:00:00.999000+00:00,202.17,203.28,188.34,197.48,4446830.23
SOLUSDT,2025-01-09T00:00:00+00:00,2025-01-09T23:59:59.999000+00:00,2025-01-10T00:00:00.999000+00:00,197.48,199.06,182.0,184.95,3607147.193
SOLUSDT,2025-01-10T00:00:00+00:00,2025-01-10T23:59:59.999000+00:00,2025-01-11T00:00:00.999000+00:00,184.96,193.02,183.51,187.68,3642892.082
SOLUSDT,2025-01-11T00:00:00+00:00,2025-01-11T23:59:59.999000+00:00,2025-01-12T00:00:00.999000+00:00,187.69,191.91,184.01,188.09,2204486.056
SOLUSDT,2025-01-12T00:00:00+00:00,2025-01-12T23:59:59.999000+00:00,2025-01-13T00:00:00.999000+00:00,188.09,191.0,185.17,188.51,1330917.135
SOLUSDT,2025-01-13T00:00:00+00:00,2025-01-13T23:59:59.999000+00:00,2025-01-14T00:00:00.999000+00:00,188.5,191.99,168.88,182.87,5669925.613
SOLUSDT,2025-01-14T00:00:00+00:00,2025-01-14T23:59:59.999000+00:00,2025-01-15T00:00:00.999000+00:00,182.86,190.11,181.88,187.57,2737355.064
SOLUSDT,2025-01-15T00:00:00+00:00,2025-01-15T23:59:59.999000+00:00,2025-01-16T00:00:00.999000+00:00,187.57,206.04,185.84,205.86,3768610.58
SOLUSDT,2025-01-16T00:00:00+00:00,2025-01-16T23:59:59.999000+00:00,2025-01-17T00:00:00.999000+00:00,205.86,217.14,198.47,211.14,5710255.657
SOLUSDT,2025-01-17T00:00:00+00:00,2025-01-17T23:59:59.999000+00:00,2025-01-18T00:00:00.999000+00:00,211.15,222.11,209.84,219.51,4384472.838
SOLUSDT,2025-01-18T00:00:00+00:00,2025-01-18T23:59:59.999000+00:00,2025-01-19T00:00:00.999000+00:00,219.52,270.67,217.29,261.97,19971981.58
SOLUSDT,2025-01-19T00:00:00+00:00,2025-01-19T23:59:59.999000+00:00,2025-01-20T00:00:00.999000+00:00,261.97,295.83,236.68,252.42,25051667.6
SOLUSDT,2025-01-20T00:00:00+00:00,2025-01-20T23:59:59.999000+00:00,2025-01-21T00:00:00.999000+00:00,252.4,273.29,229.44,242.19,16879575.561
SOLUSDT,2025-01-21T00:00:00+00:00,2025-01-21T23:59:59.999000+00:00,2025-01-22T00:00:00.999000+00:00,242.18,260.06,230.0,250.33,7882737.257
SOLUSDT,2025-01-22T00:00:00+00:00,2025-01-22T23:59:59.999000+00:00,2025-01-23T00:00:00.999000+00:00,250.33,272.03,248.43,257.36,6223427.616
SOLUSDT,2025-01-23T00:00:00+00:00,2025-01-23T23:59:59.999000+00:00,2025-01-24T00:00:00.999000+00:00,257.37,258.48,242.19,253.11,6802762.723
SOLUSDT,2025-01-24T00:00:00+00:00,2025-01-24T23:59:59.999000+00:00,2025-01-25T00:00:00.999000+00:00,253.12,270.18,247.18,253.37,5214294.569
SOLUSDT,2025-01-25T00:00:00+00:00,2025-01-25T23:59:59.999000+00:00,2025-01-26T00:00:00.999000+00:00,253.36,260.78,246.33,256.41,3703989.301
SOLUSDT,2025-01-26T00:00:00+00:00,2025-01-26T23:59:59.999000+00:00,2025-01-27T00:00:00.999000+00:00,256.4,260.16,240.32,240.5,3028015.524
SOLUSDT,2025-01-27T00:00:00+00:00,2025-01-27T23:59:59.999000+00:00,2025-01-28T00:00:00.999000+00:00,240.49,242.68,220.89,234.89,8916620.842
SOLUSDT,2025-01-28T00:00:00+00:00,2025-01-28T23:59:59.999000+00:00,2025-01-29T00:00:00.999000+00:00,234.9,244.0,225.01,227.06,3483450.087
SOLUSDT,2025-01-29T00:00:00+00:00,2025-01-29T23:59:59.999000+00:00,2025-01-30T00:00:00.999000+00:00,227.06,238.49,222.63,228.16,3844193.838
SOLUSDT,2025-01-30T00:00:00+00:00,2025-01-30T23:59:59.999000+00:00,2025-01-31T00:00:00.999000+00:00,228.16,244.7,226.84,238.31,3341265.973
SOLUSDT,2025-01-31T00:00:00+00:00,2025-01-31T23:59:59.999000+00:00,2025-02-01T00:00:00.999000+00:00,238.3,241.82,228.24,231.77,2942165.567
SOLUSDT,2025-02-01T00:00:00+00:00,2025-02-01T23:59:59.999000+00:00,2025-02-02T00:00:00.999000+00:00,231.77,236.46,212.74,213.03,2849748.65
SOLUSDT,2025-02-02T00:00:00+00:00,2025-02-02T23:59:59.999000+00:00,2025-02-03T00:00:00.999000+00:00,213.03,218.9,192.31,203.51,7255500.333
SOLUSDT,2025-02-03T00:00:00+00:00,2025-02-03T23:59:59.999000+00:00,2025-02-04T00:00:00.999000+00:00,203.52,218.7,175.89,216.28,12836970.265
SOLUSDT,2025-02-04T00:00:00+00:00,2025-02-04T23:59:59.999000+00:00,2025-02-05T00:00:00.999000+00:00,216.27,219.97,201.87,206.64,6024194.387
SOLUSDT,2025-02-05T00:00:00+00:00,2025-02-05T23:59:59.999000+00:00,2025-02-06T00:00:00.999000+00:00,206.64,209.39,195.14,196.12,3154802.037
SOLUSDT,2025-02-06T00:00:00+00:00,2025-02-06T23:59:59.999000+00:00,2025-02-07T00:00:00.999000+00:00,196.12,203.98,187.39,189.54,3444767.147
SOLUSDT,2025-02-07T00:00:00+00:00,2025-02-07T23:59:59.999000+00:00,2025-02-08T00:00:00.999000+00:00,189.53,203.42,188.12,191.99,3925596.773
SOLUSDT,2025-02-08T00:00:00+00:00,2025-02-08T23:59:59.999000+00:00,2025-02-09T00:00:00.999000+00:00,192.0,200.88,189.81,199.32,1967596.752
SOLUSDT,2025-02-09T00:00:00+00:00,2025-02-09T23:59:59.999000+00:00,2025-02-10T00:00:00.999000+00:00,199.32,207.37,193.53,200.47,2879138.46
SOLUSDT,2025-02-10T00:00:00+00:00,2025-02-10T23:59:59.999000+00:00,2025-02-11T00:00:00.999000+00:00,200.47,209.05,195.85,200.47,4040840.548
SOLUSDT,2025-02-11T00:00:00+00:00,2025-02-11T23:59:59.999000+00:00,2025-02-12T00:00:00.999000+00:00,200.47,206.18,195.12,197.96,3930238.335
SOLUSDT,2025-02-12T00:00:00+00:00,2025-02-12T23:59:59.999000+00:00,2025-02-13T00:00:00.999000+00:00,197.95,198.56,188.48,196.78,3898533.321
SOLUSDT,2025-02-13T00:00:00+00:00,2025-02-13T23:59:59.999000+00:00,2025-02-14T00:00:00.999000+00:00,196.78,198.47,188.78,194.25,2427771.876
SOLUSDT,2025-02-14T00:00:00+00:00,2025-02-14T23:59:59.999000+00:00,2025-02-15T00:00:00.999000+00:00,194.24,205.34,194.11,199.39,3727686.063
SOLUSDT,2025-02-15T00:00:00+00:00,2025-02-15T23:59:59.999000+00:00,2025-02-16T00:00:00.999000+00:00,199.4,200.27,192.61,194.48,1633300.399
SOLUSDT,2025-02-16T00:00:00+00:00,2025-02-16T23:59:59.999000+00:00,2025-02-17T00:00:00.999000+00:00,194.47,196.24,186.3,188.27,2009380.862
SOLUSDT,2025-02-17T00:00:00+00:00,2025-02-17T23:59:59.999000+00:00,2025-02-18T00:00:00.999000+00:00,188.26,189.72,174.63,177.53,4287573.73
SOLUSDT,2025-02-18T00:00:00+00:00,2025-02-18T23:59:59.999000+00:00,2025-02-19T00:00:00.999000+00:00,177.53,179.09,160.88,169.32,6319186.166
SOLUSDT,2025-02-19T00:00:00+00:00,2025-02-19T23:59:59.999000+00:00,2025-02-20T00:00:00.999000+00:00,169.32,174.3,163.75,168.93,3478319.262
SOLUSDT,2025-02-20T00:00:00+00:00,2025-02-20T23:59:59.999000+00:00,2025-02-21T00:00:00.999000+00:00,168.94,176.65,167.66,176.0,2938753.335
SOLUSDT,2025-02-21T00:00:00+00:00,2025-02-21T23:59:59.999000+00:00,2025-02-22T00:00:00.999000+00:00,176.0,180.52,167.15,168.94,4103682.857
SOLUSDT,2025-02-22T00:00:00+00:00,2025-02-22T23:59:59.999000+00:00,2025-02-23T00:00:00.999000+00:00,168.94,174.68,168.07,172.07,1886813.457
SOLUSDT,2025-02-23T00:00:00+00:00,2025-02-23T23:59:59.999000+00:00,2025-02-24T00:00:00.999000+00:00,172.07,173.07,166.42,167.94,1488310.759
SOLUSDT,2025-02-24T00:00:00+00:00,2025-02-24T23:59:59.999000+00:00,2025-02-25T00:00:00.999000+00:00,167.94,169.69,138.0,141.81,7997237.915
SOLUSDT,2025-02-25T00:00:00+00:00,2025-02-25T23:59:59.999000+00:00,2025-02-26T00:00:00.999000+00:00,141.81,147.09,131.91,144.33,11747010.145
SOLUSDT,2025-02-26T00:00:00+00:00,2025-02-26T23:59:59.999000+00:00,2025-02-27T00:00:00.999000+00:00,144.33,145.19,130.65,135.32,5368401.059
SOLUSDT,2025-02-27T00:00:00+00:00,2025-02-27T23:59:59.999000+00:00,2025-02-28T00:00:00.999000+00:00,135.33,142.9,134.71,137.68,4322990.459
SOLUSDT,2025-02-28T00:00:00+00:00,2025-02-28T23:59:59.999000+00:00,2025-03-01T00:00:00.999000+00:00,137.68,148.72,125.55,148.18,10039960.613
SOLUSDT,2025-03-01T00:00:00+00:00,2025-03-01T23:59:59.999000+00:00,2025-03-02T00:00:00.999000+00:00,148.18,151.25,138.57,143.66,4151855.758
SOLUSDT,2025-03-02T00:00:00+00:00,2025-03-02T23:59:59.999000+00:00,2025-03-03T00:00:00.999000+00:00,143.66,179.85,140.04,178.71,13474639.846
SOLUSDT,2025-03-03T00:00:00+00:00,2025-03-03T23:59:59.999000+00:00,2025-03-04T00:00:00.999000+00:00,178.72,179.47,139.21,142.16,11096202.04
SOLUSDT,2025-03-04T00:00:00+00:00,2025-03-04T23:59:59.999000+00:00,2025-03-05T00:00:00.999000+00:00,142.16,147.0,130.66,144.79,10389598.334
SOLUSDT,2025-03-05T00:00:00+00:00,2025-03-05T23:59:59.999000+00:00,2025-03-06T00:00:00.999000+00:00,144.8,149.73,140.18,146.28,4895520.585
SOLUSDT,2025-03-06T00:00:00+00:00,2025-03-06T23:59:59.999000+00:00,2025-03-07T00:00:00.999000+00:00,146.27,152.9,142.44,143.31,4451879.661
SOLUSDT,2025-03-07T00:00:00+00:00,2025-03-07T23:59:59.999000+00:00,2025-03-08T00:00:00.999000+00:00,143.3,150.88,135.04,139.39,7267412.771
SOLUSDT,2025-03-08T00:00:00+00:00,2025-03-08T23:59:59.999000+00:00,2025-03-09T00:00:00.999000+00:00,139.39,141.09,135.29,137.01,2135751.393
SOLUSDT,2025-03-09T00:00:00+00:00,2025-03-09T23:59:59.999000+00:00,2025-03-10T00:00:00.999000+00:00,137.01,139.88,125.41,126.51,3909495.652
SOLUSDT,2025-03-10T00:00:00+00:00,2025-03-10T23:59:59.999000+00:00,2025-03-11T00:00:00.999000+00:00,126.52,131.57,115.47,118.32,6654109.331
SOLUSDT,2025-03-11T00:00:00+00:00,2025-03-11T23:59:59.999000+00:00,2025-03-12T00:00:00.999000+00:00,118.32,128.43,112.0,125.35,6435277.863
SOLUSDT,2025-03-12T00:00:00+00:00,2025-03-12T23:59:59.999000+00:00,2025-03-13T00:00:00.999000+00:00,125.35,131.33,121.22,126.62,4410502.14
SOLUSDT,2025-03-13T00:00:00+00:00,2025-03-13T23:59:59.999000+00:00,2025-03-14T00:00:00.999000+00:00,126.61,128.76,120.76,123.37,2824584.961
SOLUSDT,2025-03-14T00:00:00+00:00,2025-03-14T23:59:59.999000+00:00,2025-03-15T00:00:00.999000+00:00,123.36,136.03,122.98,133.54,3607725.492
SOLUSDT,2025-03-15T00:00:00+00:00,2025-03-15T23:59:59.999000+00:00,2025-03-16T00:00:00.999000+00:00,133.53,136.53,132.44,135.86,1918077.49
SOLUSDT,2025-03-16T00:00:00+00:00,2025-03-16T23:59:59.999000+00:00,2025-03-17T00:00:00.999000+00:00,135.86,136.71,125.21,126.13,2764260.892
SOLUSDT,2025-03-17T00:00:00+00:00,2025-03-17T23:59:59.999000+00:00,2025-03-18T00:00:00.999000+00:00,126.13,130.64,125.55,128.01,2707611.094
SOLUSDT,2025-03-18T00:00:00+00:00,2025-03-18T23:59:59.999000+00:00,2025-03-19T00:00:00.999000+00:00,128.01,128.19,121.76,125.33,3181789.699
SOLUSDT,2025-03-19T00:00:00+00:00,2025-03-19T23:59:59.999000+00:00,2025-03-20T00:00:00.999000+00:00,125.33,136.08,124.2,135.33,4170497.991
SOLUSDT,2025-03-20T00:00:00+00:00,2025-03-20T23:59:59.999000+00:00,2025-03-21T00:00:00.999000+00:00,135.33,136.12,126.65,127.6,2593287.986
SOLUSDT,2025-03-21T00:00:00+00:00,2025-03-21T23:59:59.999000+00:00,2025-03-22T00:00:00.999000+00:00,127.6,130.18,124.81,128.48,2400422.348
SOLUSDT,2025-03-22T00:00:00+00:00,2025-03-22T23:59:59.999000+00:00,2025-03-23T00:00:00.999000+00:00,128.47,131.84,127.8,128.51,1498168.196
SOLUSDT,2025-03-23T00:00:00+00:00,2025-03-23T23:59:59.999000+00:00,2025-03-24T00:00:00.999000+00:00,128.5,134.06,128.21,132.84,1763485.986
SOLUSDT,2025-03-24T00:00:00+00:00,2025-03-24T23:59:59.999000+00:00,2025-03-25T00:00:00.999000+00:00,132.85,144.96,132.04,141.01,4554131.645
SOLUSDT,2025-03-25T00:00:00+00:00,2025-03-25T23:59:59.999000+00:00,2025-03-26T00:00:00.999000+00:00,141.01,147.48,138.17,143.64,3529958.67
SOLUSDT,2025-03-26T00:00:00+00:00,2025-03-26T23:59:59.999000+00:00,2025-03-27T00:00:00.999000+00:00,143.64,145.49,135.89,137.34,3099523.287
SOLUSDT,2025-03-27T00:00:00+00:00,2025-03-27T23:59:59.999000+00:00,2025-03-28T00:00:00.999000+00:00,137.35,140.22,135.63,138.43,2466162.683
SOLUSDT,2025-03-28T00:00:00+00:00,2025-03-28T23:59:59.999000+00:00,2025-03-29T00:00:00.999000+00:00,138.44,139.05,127.69,129.49,3892191.365
SOLUSDT,2025-03-29T00:00:00+00:00,2025-03-29T23:59:59.999000+00:00,2025-03-30T00:00:00.999000+00:00,129.5,130.54,122.68,124.58,2610065.515
SOLUSDT,2025-03-30T00:00:00+00:00,2025-03-30T23:59:59.999000+00:00,2025-03-31T00:00:00.999000+00:00,124.58,127.08,123.0,124.82,1743775.296
SOLUSDT,2025-03-31T00:00:00+00:00,2025-03-31T23:59:59.999000+00:00,2025-04-01T00:00:00.999000+00:00,124.83,127.81,122.75,124.54,3730628.853
SOLUSDT,2025-04-01T00:00:00+00:00,2025-04-01T23:59:59.999000+00:00,2025-04-02T00:00:00.999000+00:00,124.53,130.55,123.74,126.67,3554277.848
SOLUSDT,2025-04-02T00:00:00+00:00,2025-04-02T23:59:59.999000+00:00,2025-04-03T00:00:00.999000+00:00,126.68,136.21,117.0,117.42,6288908.68
SOLUSDT,2025-04-03T00:00:00+00:00,2025-04-03T23:59:59.999000+00:00,2025-04-04T00:00:00.999000+00:00,117.42,120.94,112.24,117.17,5854867.278
SOLUSDT,2025-04-04T00:00:00+00:00,2025-04-04T23:59:59.999000+00:00,2025-04-05T00:00:00.999000+00:00,117.17,124.0,113.25,122.79,5721072.32
SOLUSDT,2025-04-05T00:00:00+00:00,2025-04-05T23:59:59.999000+00:00,2025-04-06T00:00:00.999000+00:00,122.8,122.85,117.15,120.32,1784381.3
SOLUSDT,2025-04-06T00:00:00+00:00,2025-04-06T23:59:59.999000+00:00,2025-04-07T00:00:00.999000+00:00,120.33,121.13,103.81,105.91,4934346.985
SOLUSDT,2025-04-07T00:00:00+00:00,2025-04-07T23:59:59.999000+00:00,2025-04-08T00:00:00.999000+00:00,105.9,113.0,95.26,106.99,12630664.993
SOLUSDT,2025-04-08T00:00:00+00:00,2025-04-08T23:59:59.999000+00:00,2025-04-09T00:00:00.999000+00:00,106.98,112.58,102.96,105.4,5839129.782
SOLUSDT,2025-04-09T00:00:00+00:00,2025-04-09T23:59:59.999000+00:00,2025-04-10T00:00:00.999000+00:00,105.4,121.0,101.26,119.05,9334586.139
SOLUSDT,2025-04-10T00:00:00+00:00,2025-04-10T23:59:59.999000+00:00,2025-04-11T00:00:00.999000+00:00,119.05,119.3,108.21,112.81,5566324.629
SOLUSDT,2025-04-11T00:00:00+00:00,2025-04-11T23:59:59.999000+00:00,2025-04-12T00:00:00.999000+00:00,112.8,122.65,112.16,121.41,4344066.889
SOLUSDT,2025-04-12T00:00:00+00:00,2025-04-12T23:59:59.999000+00:00,2025-04-13T00:00:00.999000+00:00,121.41,134.11,119.41,132.24,4620265.855
SOLUSDT,2025-04-13T00:00:00+00:00,2025-04-13T23:59:59.999000+00:00,2025-04-14T00:00:00.999000+00:00,132.24,133.96,125.32,128.38,4054370.603
SOLUSDT,2025-04-14T00:00:00+00:00,2025-04-14T23:59:59.999000+00:00,2025-04-15T00:00:00.999000+00:00,128.38,136.13,127.98,129.42,4150251.45
SOLUSDT,2025-04-15T00:00:00+00:00,2025-04-15T23:59:59.999000+00:00,2025-04-16T00:00:00.999000+00:00,129.41,134.45,125.82,126.11,3431482.497
SOLUSDT,2025-04-16T00:00:00+00:00,2025-04-16T23:59:59.999000+00:00,2025-04-17T00:00:00.999000+00:00,126.1,133.91,123.49,131.33,5320768.994
SOLUSDT,2025-04-17T00:00:00+00:00,2025-04-17T23:59:59.999000+00:00,2025-04-18T00:00:00.999000+00:00,131.33,136.2,129.5,134.83,3817459.718
SOLUSDT,2025-04-18T00:00:00+00:00,2025-04-18T23:59:59.999000+00:00,2025-04-19T00:00:00.999000+00:00,134.84,136.02,132.47,134.04,2556341.874
SOLUSDT,2025-04-19T00:00:00+00:00,2025-04-19T23:59:59.999000+00:00,2025-04-20T00:00:00.999000+00:00,134.05,140.5,133.58,139.87,2816038.068
SOLUSDT,2025-04-20T00:00:00+00:00,2025-04-20T23:59:59.999000+00:00,2025-04-21T00:00:00.999000+00:00,139.86,141.96,135.64,137.86,3498098.615
SOLUSDT,2025-04-21T00:00:00+00:00,2025-04-21T23:59:59.999000+00:00,2025-04-22T00:00:00.999000+00:00,137.86,143.25,133.82,136.56,4657400.503
SOLUSDT,2025-04-22T00:00:00+00:00,2025-04-22T23:59:59.999000+00:00,2025-04-23T00:00:00.999000+00:00,136.57,150.23,134.68,148.79,5078409.536
SOLUSDT,2025-04-23T00:00:00+00:00,2025-04-23T23:59:59.999000+00:00,2025-04-24T00:00:00.999000+00:00,148.78,154.21,147.13,151.1,4801378.47
SOLUSDT,2025-04-24T00:00:00+00:00,2025-04-24T23:59:59.999000+00:00,2025-04-25T00:00:00.999000+00:00,151.1,152.9,144.87,152.55,3535860.484
SOLUSDT,2025-04-25T00:00:00+00:00,2025-04-25T23:59:59.999000+00:00,2025-04-26T00:00:00.999000+00:00,152.55,157.0,149.87,150.82,4226767.973
SOLUSDT,2025-04-26T00:00:00+00:00,2025-04-26T23:59:59.999000+00:00,2025-04-27T00:00:00.999000+00:00,150.82,153.17,147.75,149.21,1766805.88
SOLUSDT,2025-04-27T00:00:00+00:00,2025-04-27T23:59:59.999000+00:00,2025-04-28T00:00:00.999000+00:00,149.22,150.41,145.51,147.98,1599977.891
SOLUSDT,2025-04-28T00:00:00+00:00,2025-04-28T23:59:59.999000+00:00,2025-04-29T00:00:00.999000+00:00,147.97,153.4,144.63,147.84,3507950.445
SOLUSDT,2025-04-29T00:00:00+00:00,2025-04-29T23:59:59.999000+00:00,2025-04-30T00:00:00.999000+00:00,147.84,150.39,145.0,146.31,2498992.492
SOLUSDT,2025-04-30T00:00:00+00:00,2025-04-30T23:59:59.999000+00:00,2025-05-01T00:00:00.999000+00:00,146.3,148.67,140.32,147.54,2780816.363
SOLUSDT,2025-05-01T00:00:00+00:00,2025-05-01T23:59:59.999000+00:00,2025-05-02T00:00:00.999000+00:00,147.54,153.99,147.54,150.85,3037281.454
SOLUSDT,2025-05-02T00:00:00+00:00,2025-05-02T23:59:59.999000+00:00,2025-05-03T00:00:00.999000+00:00,150.85,151.91,147.3,148.05,2216263.073
SOLUSDT,2025-05-03T00:00:00+00:00,2025-05-03T23:59:59.999000+00:00,2025-05-04T00:00:00.999000+00:00,148.04,149.05,145.82,146.71,1406583.56
SOLUSDT,2025-05-04T00:00:00+00:00,2025-05-04T23:59:59.999000+00:00,2025-05-05T00:00:00.999000+00:00,146.71,147.81,143.5,143.95,1613358.553
SOLUSDT,2025-05-05T00:00:00+00:00,2025-05-05T23:59:59.999000+00:00,2025-05-06T00:00:00.999000+00:00,143.94,147.73,142.5,146.72,2030995.801
SOLUSDT,2025-05-06T00:00:00+00:00,2025-05-06T23:59:59.999000+00:00,2025-05-07T00:00:00.999000+00:00,146.72,147.23,141.41,146.88,2352310.935
SOLUSDT,2025-05-07T00:00:00+00:00,2025-05-07T23:59:59.999000+00:00,2025-05-08T00:00:00.999000+00:00,146.89,149.54,144.68,147.32,2440566.284
SOLUSDT,2025-05-08T00:00:00+00:00,2025-05-08T23:59:59.999000+00:00,2025-05-09T00:00:00.999000+00:00,147.32,164.6,147.08,164.46,6040622.618
SOLUSDT,2025-05-09T00:00:00+00:00,2025-05-09T23:59:59.999000+00:00,2025-05-10T00:00:00.999000+00:00,164.46,176.15,161.07,172.78,6318574.649
SOLUSDT,2025-05-10T00:00:00+00:00,2025-05-10T23:59:59.999000+00:00,2025-05-11T00:00:00.999000+00:00,172.77,178.98,168.72,177.89,3339701.179
SOLUSDT,2025-05-11T00:00:00+00:00,2025-05-11T23:59:59.999000+00:00,2025-05-12T00:00:00.999000+00:00,177.89,180.26,169.35,173.19,3210729.52
SOLUSDT,2025-05-12T00:00:00+00:00,2025-05-12T23:59:59.999000+00:00,2025-05-13T00:00:00.999000+00:00,173.2,181.46,168.31,174.22,6245732.977
SOLUSDT,2025-05-13T00:00:00+00:00,2025-05-13T23:59:59.999000+00:00,2025-05-14T00:00:00.999000+00:00,174.22,184.83,166.18,183.75,4587043.398
SOLUSDT,2025-05-14T00:00:00+00:00,2025-05-14T23:59:59.999000+00:00,2025-05-15T00:00:00.999000+00:00,183.75,184.88,173.23,176.64,3619155.253
SOLUSDT,2025-05-15T00:00:00+00:00,2025-05-15T23:59:59.999000+00:00,2025-05-16T00:00:00.999000+00:00,176.63,178.33,166.7,169.16,3546037.724
SOLUSDT,2025-05-16T00:00:00+00:00,2025-05-16T23:59:59.999000+00:00,2025-05-17T00:00:00.999000+00:00,169.16,174.21,166.36,167.4,2766386.671
SOLUSDT,2025-05-17T00:00:00+00:00,2025-05-17T23:59:59.999000+00:00,2025-05-18T00:00:00.999000+00:00,167.4,169.99,164.01,165.94,2262121.706
SOLUSDT,2025-05-18T00:00:00+00:00,2025-05-18T23:59:59.999000+00:00,2025-05-19T00:00:00.999000+00:00,165.94,176.77,164.54,173.3,3194610.936
SOLUSDT,2025-05-19T00:00:00+00:00,2025-05-19T23:59:59.999000+00:00,2025-05-20T00:00:00.999000+00:00,173.3,173.94,159.44,166.86,4076352.744
SOLUSDT,2025-05-20T00:00:00+00:00,2025-05-20T23:59:59.999000+00:00,2025-05-21T00:00:00.999000+00:00,166.87,173.11,164.51,168.59,3135420.426
SOLUSDT,2025-05-21T00:00:00+00:00,2025-05-21T23:59:59.999000+00:00,2025-05-22T00:00:00.999000+00:00,168.59,175.99,165.51,173.53,4400610.4
SOLUSDT,2025-05-22T00:00:00+00:00,2025-05-22T23:59:59.999000+00:00,2025-05-23T00:00:00.999000+00:00,173.54,180.87,172.59,179.68,3608222.862
SOLUSDT,2025-05-23T00:00:00+00:00,2025-05-23T23:59:59.999000+00:00,2025-05-24T00:00:00.999000+00:00,179.68,187.71,173.23,174.01,6112910.776
SOLUSDT,2025-05-24T00:00:00+00:00,2025-05-24T23:59:59.999000+00:00,2025-05-25T00:00:00.999000+00:00,174.0,178.33,172.5,175.87,2317965.021
SOLUSDT,2025-05-25T00:00:00+00:00,2025-05-25T23:59:59.999000+00:00,2025-05-26T00:00:00.999000+00:00,175.87,176.88,169.14,175.74,2530363.859
SOLUSDT,2025-05-26T00:00:00+00:00,2025-05-26T23:59:59.999000+00:00,2025-05-27T00:00:00.999000+00:00,175.75,179.02,173.48,174.91,2214724.796
SOLUSDT,2025-05-27T00:00:00+00:00,2025-05-27T23:59:59.999000+00:00,2025-05-28T00:00:00.999000+00:00,174.92,179.41,171.24,176.71,2568509.368
SOLUSDT,2025-05-28T00:00:00+00:00,2025-05-28T23:59:59.999000+00:00,2025-05-29T00:00:00.999000+00:00,176.72,177.45,168.92,172.21,2534660.877
SOLUSDT,2025-05-29T00:00:00+00:00,2025-05-29T23:59:59.999000+00:00,2025-05-30T00:00:00.999000+00:00,172.22,175.34,165.96,166.71,2641789.968
SOLUSDT,2025-05-30T00:00:00+00:00,2025-05-30T23:59:59.999000+00:00,2025-05-31T00:00:00.999000+00:00,166.71,167.51,155.22,156.2,3770279.512
SOLUSDT,2025-05-31T00:00:00+00:00,2025-05-31T23:59:59.999000+00:00,2025-06-01T00:00:00.999000+00:00,156.2,158.01,152.14,156.45,2352257.752
SOLUSDT,2025-06-01T00:00:00+00:00,2025-06-01T23:59:59.999000+00:00,2025-06-02T00:00:00.999000+00:00,156.45,157.92,150.59,157.68,2042131.041
SOLUSDT,2025-06-02T00:00:00+00:00,2025-06-02T23:59:59.999000+00:00,2025-06-03T00:00:00.999000+00:00,157.68,158.93,151.67,156.83,2502052.191
SOLUSDT,2025-06-03T00:00:00+00:00,2025-06-03T23:59:59.999000+00:00,2025-06-04T00:00:00.999000+00:00,156.83,163.64,154.14,155.19,2849585.145
SOLUSDT,2025-06-04T00:00:00+00:00,2025-06-04T23:59:59.999000+00:00,2025-06-05T00:00:00.999000+00:00,155.19,157.97,152.94,153.26,1990646.424
SOLUSDT,2025-06-05T00:00:00+00:00,2025-06-05T23:59:59.999000+00:00,2025-06-06T00:00:00.999000+00:00,153.27,154.61,141.53,144.29,4258041.075
SOLUSDT,2025-06-06T00:00:00+00:00,2025-06-06T23:59:59.999000+00:00,2025-06-07T00:00:00.999000+00:00,144.28,152.39,144.11,147.83,2167791.114
SOLUSDT,2025-06-07T00:00:00+00:00,2025-06-07T23:59:59.999000+00:00,2025-06-08T00:00:00.999000+00:00,147.82,152.84,146.84,150.06,1408204.615
SOLUSDT,2025-06-08T00:00:00+00:00,2025-06-08T23:59:59.999000+00:00,2025-06-09T00:00:00.999000+00:00,150.07,155.3,147.88,152.45,1564000.366
SOLUSDT,2025-06-09T00:00:00+00:00,2025-06-09T23:59:59.999000+00:00,2025-06-10T00:00:00.999000+00:00,152.45,161.73,149.58,161.16,3079728.265
SOLUSDT,2025-06-10T00:00:00+00:00,2025-06-10T23:59:59.999000+00:00,2025-06-11T00:00:00.999000+00:00,161.16,165.67,156.32,165.12,3589559.163
SOLUSDT,2025-06-11T00:00:00+00:00,2025-06-11T23:59:59.999000+00:00,2025-06-12T00:00:00.999000+00:00,165.12,168.36,159.21,160.97,4019424.999
SOLUSDT,2025-06-12T00:00:00+00:00,2025-06-12T23:59:59.999000+00:00,2025-06-13T00:00:00.999000+00:00,160.98,161.28,152.02,152.32,2883476.685
SOLUSDT,2025-06-13T00:00:00+00:00,2025-06-13T23:59:59.999000+00:00,2025-06-14T00:00:00.999000+00:00,152.32,152.59,140.21,148.6,5339782.783
SOLUSDT,2025-06-14T00:00:00+00:00,2025-06-14T23:59:59.999000+00:00,2025-06-15T00:00:00.999000+00:00,148.6,148.7,141.97,144.64,1679994.751
SOLUSDT,2025-06-15T00:00:00+00:00,2025-06-15T23:59:59.999000+00:00,2025-06-16T00:00:00.999000+00:00,144.65,153.54,144.22,152.97,2831999.616
SOLUSDT,2025-06-16T00:00:00+00:00,2025-06-16T23:59:59.999000+00:00,2025-06-17T00:00:00.999000+00:00,152.97,158.8,150.3,150.72,3573196.785
SOLUSDT,2025-06-17T00:00:00+00:00,2025-06-17T23:59:59.999000+00:00,2025-06-18T00:00:00.999000+00:00,150.73,154.33,145.61,147.57,3395648.859
SOLUSDT,2025-06-18T00:00:00+00:00,2025-06-18T23:59:59.999000+00:00,2025-06-19T00:00:00.999000+00:00,147.58,149.28,143.65,146.34,2800908.98
SOLUSDT,2025-06-19T00:00:00+00:00,2025-06-19T23:59:59.999000+00:00,2025-06-20T00:00:00.999000+00:00,146.35,147.9,142.92,147.04,2285335.729
SOLUSDT,2025-06-20T00:00:00+00:00,2025-06-20T23:59:59.999000+00:00,2025-06-21T00:00:00.999000+00:00,147.04,148.81,135.69,140.11,3393327.209
SOLUSDT,2025-06-21T00:00:00+00:00,2025-06-21T23:59:59.999000+00:00,2025-06-22T00:00:00.999000+00:00,140.11,142.6,130.9,135.43,2826424.143
SOLUSDT,2025-06-22T00:00:00+00:00,2025-06-22T23:59:59.999000+00:00,2025-06-23T00:00:00.999000+00:00,135.43,137.62,126.0,131.71,4252120.023
SOLUSDT,2025-06-23T00:00:00+00:00,2025-06-23T23:59:59.999000+00:00,2025-06-24T00:00:00.999000+00:00,131.71,146.92,130.68,144.51,4573147.667
SOLUSDT,2025-06-24T00:00:00+00:00,2025-06-24T23:59:59.999000+00:00,2025-06-25T00:00:00.999000+00:00,144.51,146.77,142.31,145.92,2741809.086
SOLUSDT,2025-06-25T00:00:00+00:00,2025-06-25T23:59:59.999000+00:00,2025-06-26T00:00:00.999000+00:00,145.93,147.95,142.25,143.57,2233601.909
SOLUSDT,2025-06-26T00:00:00+00:00,2025-06-26T23:59:59.999000+00:00,2025-06-27T00:00:00.999000+00:00,143.57,148.0,138.62,139.06,2522507.942
SOLUSDT,2025-06-27T00:00:00+00:00,2025-06-27T23:59:59.999000+00:00,2025-06-28T00:00:00.999000+00:00,139.05,144.85,137.14,142.09,2471847.15
SOLUSDT,2025-06-28T00:00:00+00:00,2025-06-28T23:59:59.999000+00:00,2025-06-29T00:00:00.999000+00:00,142.09,152.7,141.13,150.72,2657836.682
SOLUSDT,2025-06-29T00:00:00+00:00,2025-06-29T23:59:59.999000+00:00,2025-06-30T00:00:00.999000+00:00,150.73,154.77,149.36,153.32,2150026.172
SOLUSDT,2025-06-30T00:00:00+00:00,2025-06-30T23:59:59.999000+00:00,2025-07-01T00:00:00.999000+00:00,153.32,159.99,149.45,154.81,3871390.335
SOLUSDT,2025-07-01T00:00:00+00:00,2025-07-01T23:59:59.999000+00:00,2025-07-02T00:00:00.999000+00:00,154.82,155.64,144.85,146.88,2770862.174
SOLUSDT,2025-07-02T00:00:00+00:00,2025-07-02T23:59:59.999000+00:00,2025-07-03T00:00:00.999000+00:00,146.87,154.47,145.85,152.27,2652574.279
SOLUSDT,2025-07-03T00:00:00+00:00,2025-07-03T23:59:59.999000+00:00,2025-07-04T00:00:00.999000+00:00,152.28,156.35,149.86,152.36,2686218.205
SOLUSDT,2025-07-04T00:00:00+00:00,2025-07-04T23:59:59.999000+00:00,2025-07-05T00:00:00.999000+00:00,152.35,153.88,145.22,147.7,2308086.736
SOLUSDT,2025-07-05T00:00:00+00:00,2025-07-05T23:59:59.999000+00:00,2025-07-06T00:00:00.999000+00:00,147.69,148.7,145.9,147.55,1173963.86
SOLUSDT,2025-07-06T00:00:00+00:00,2025-07-06T23:59:59.999000+00:00,2025-07-07T00:00:00.999000+00:00,147.55,153.89,146.78,151.86,2486859.718
SOLUSDT,2025-07-07T00:00:00+00:00,2025-07-07T23:59:59.999000+00:00,2025-07-08T00:00:00.999000+00:00,151.86,153.6,147.7,148.88,2174727.723
SOLUSDT,2025-07-08T00:00:00+00:00,2025-07-08T23:59:59.999000+00:00,2025-07-09T00:00:00.999000+00:00,148.89,152.88,147.85,151.67,2712869.323
SOLUSDT,2025-07-09T00:00:00+00:00,2025-07-09T23:59:59.999000+00:00,2025-07-10T00:00:00.999000+00:00,151.68,157.93,150.53,157.05,2907219.748
SOLUSDT,2025-07-10T00:00:00+00:00,2025-07-10T23:59:59.999000+00:00,2025-07-11T00:00:00.999000+00:00,157.06,165.43,155.64,164.34,3428382.349
SOLUSDT,2025-07-11T00:00:00+00:00,2025-07-11T23:59:59.999000+00:00,2025-07-12T00:00:00.999000+00:00,164.33,168.2,159.54,162.93,4354179.713
SOLUSDT,2025-07-12T00:00:00+00:00,2025-07-12T23:59:59.999000+00:00,2025-07-13T00:00:00.999000+00:00,162.92,163.9,157.74,160.69,2043211.942
SOLUSDT,2025-07-13T00:00:00+00:00,2025-07-13T23:59:59.999000+00:00,2025-07-14T00:00:00.999000+00:00,160.7,164.19,159.63,161.15,1929745.851
SOLUSDT,2025-07-14T00:00:00+00:00,2025-07-14T23:59:59.999000+00:00,2025-07-15T00:00:00.999000+00:00,161.15,168.65,160.61,162.21,3973706.533
SOLUSDT,2025-07-15T00:00:00+00:00,2025-07-15T23:59:59.999000+00:00,2025-07-16T00:00:00.999000+00:00,162.21,164.26,157.23,163.98,3665295.753
SOLUSDT,2025-07-16T00:00:00+00:00,2025-07-16T23:59:59.999000+00:00,2025-07-17T00:00:00.999000+00:00,163.98,176.0,161.51,173.63,5020288.123
SOLUSDT,2025-07-17T00:00:00+00:00,2025-07-17T23:59:59.999000+00:00,2025-07-18T00:00:00.999000+00:00,173.62,178.19,168.71,175.87,4491555.727
SOLUSDT,2025-07-18T00:00:00+00:00,2025-07-18T23:59:59.999000+00:00,2025-07-19T00:00:00.999000+00:00,175.88,184.67,173.24,177.28,5191853.168
SOLUSDT,2025-07-19T00:00:00+00:00,2025-07-19T23:59:59.999000+00:00,2025-07-20T00:00:00.999000+00:00,177.28,178.61,174.0,176.96,2059315.008
SOLUSDT,2025-07-20T00:00:00+00:00,2025-07-20T23:59:59.999000+00:00,2025-07-21T00:00:00.999000+00:00,176.97,183.66,176.33,181.43,3694854.915
SOLUSDT,2025-07-21T00:00:00+00:00,2025-07-21T23:59:59.999000+00:00,2025-07-22T00:00:00.999000+00:00,181.44,199.28,178.25,195.72,6495907.179
SOLUSDT,2025-07-22T00:00:00+00:00,2025-07-22T23:59:59.999000+00:00,2025-07-23T00:00:00.999000+00:00,195.72,206.3,193.75,205.7,8635627.173
SOLUSDT,2025-07-23T00:00:00+00:00,2025-07-23T23:59:59.999000+00:00,2025-07-24T00:00:00.999000+00:00,205.7,205.75,183.97,189.4,5548137.499
SOLUSDT,2025-07-24T00:00:00+00:00,2025-07-24T23:59:59.999000+00:00,2025-07-25T00:00:00.999000+00:00,189.4,191.87,179.21,182.87,5217064.871
SOLUSDT,2025-07-25T00:00:00+00:00,2025-07-25T23:59:59.999000+00:00,2025-07-26T00:00:00.999000+00:00,182.88,186.85,175.63,186.76,4481310.44
SOLUSDT,2025-07-26T00:00:00+00:00,2025-07-26T23:59:59.999000+00:00,2025-07-27T00:00:00.999000+00:00,186.75,189.78,184.29,184.88,1773453.875
SOLUSDT,2025-07-27T00:00:00+00:00,2025-07-27T23:59:59.999000+00:00,2025-07-28T00:00:00.999000+00:00,184.89,190.7,184.53,188.64,2233060.133
SOLUSDT,2025-07-28T00:00:00+00:00,2025-07-28T23:59:59.999000+00:00,2025-07-29T00:00:00.999000+00:00,188.64,195.26,182.16,183.11,4067872.127
SOLUSDT,2025-07-29T00:00:00+00:00,2025-07-29T23:59:59.999000+00:00,2025-07-30T00:00:00.999000+00:00,183.1,186.68,178.3,181.48,2541912.036
SOLUSDT,2025-07-30T00:00:00+00:00,2025-07-30T23:59:59.999000+00:00,2025-07-31T00:00:00.999000+00:00,181.47,182.56,170.29,177.77,3297250.187
SOLUSDT,2025-07-31T00:00:00+00:00,2025-07-31T23:59:59.999000+00:00,2025-08-01T00:00:00.999000+00:00,177.77,182.7,171.44,172.22,2624841.783
SOLUSDT,2025-08-01T00:00:00+00:00,2025-08-01T23:59:59.999000+00:00,2025-08-02T00:00:00.999000+00:00,172.22,172.26,159.2,162.71,4317529.315
SOLUSDT,2025-08-02T00:00:00+00:00,2025-08-02T23:59:59.999000+00:00,2025-08-03T00:00:00.999000+00:00,162.71,165.3,155.83,158.48,2208175.075
SOLUSDT,2025-08-03T00:00:00+00:00,2025-08-03T23:59:59.999000+00:00,2025-08-04T00:00:00.999000+00:00,158.49,163.14,156.28,161.97,2297909.311
SOLUSDT,2025-08-04T00:00:00+00:00,2025-08-04T23:59:59.999000+00:00,2025-08-05T00:00:00.999000+00:00,161.98,169.8,161.26,169.55,2688954.158
SOLUSDT,2025-08-05T00:00:00+00:00,2025-08-05T23:59:59.999000+00:00,2025-08-06T00:00:00.999000+00:00,169.55,171.73,161.3,164.09,2554958.009
SOLUSDT,2025-08-06T00:00:00+00:00,2025-08-06T23:59:59.999000+00:00,2025-08-07T00:00:00.999000+00:00,164.09,169.93,161.13,168.09,1797491.429
SOLUSDT,2025-08-07T00:00:00+00:00,2025-08-07T23:59:59.999000+00:00,2025-08-08T00:00:00.999000+00:00,168.1,175.51,166.7,175.36,3014662.995
SOLUSDT,2025-08-08T00:00:00+00:00,2025-08-08T23:59:59.999000+00:00,2025-08-09T00:00:00.999000+00:00,175.37,179.66,173.43,176.78,3678790.655
SOLUSDT,2025-08-09T00:00:00+00:00,2025-08-09T23:59:59.999000+00:00,2025-08-10T00:00:00.999000+00:00,176.79,183.45,176.64,179.95,3325504.387
SOLUSDT,2025-08-10T00:00:00+00:00,2025-08-10T23:59:59.999000+00:00,2025-08-11T00:00:00.999000+00:00,179.96,186.18,177.51,182.66,4197287.287
SOLUSDT,2025-08-11T00:00:00+00:00,2025-08-11T23:59:59.999000+00:00,2025-08-12T00:00:00.999000+00:00,182.67,186.8,173.43,174.84,3960743.531
SOLUSDT,2025-08-12T00:00:00+00:00,2025-08-12T23:59:59.999000+00:00,2025-08-13T00:00:00.999000+00:00,174.83,193.76,173.6,191.78,5074348.157
SOLUSDT,2025-08-13T00:00:00+00:00,2025-08-13T23:59:59.999000+00:00,2025-08-14T00:00:00.999000+00:00,191.77,204.96,191.48,201.51,7148726.279
SOLUSDT,2025-08-14T00:00:00+00:00,2025-08-14T23:59:59.999000+00:00,2025-08-15T00:00:00.999000+00:00,201.51,209.86,186.68,192.47,8965607.314
SOLUSDT,2025-08-15T00:00:00+00:00,2025-08-15T23:59:59.999000+00:00,2025-08-16T00:00:00.999000+00:00,192.46,198.07,183.3,185.72,4360287.396
SOLUSDT,2025-08-16T00:00:00+00:00,2025-08-16T23:59:59.999000+00:00,2025-08-17T00:00:00.999000+00:00,185.71,190.06,185.2,189.6,2099818.448
SOLUSDT,2025-08-17T00:00:00+00:00,2025-08-17T23:59:59.999000+00:00,2025-08-18T00:00:00.999000+00:00,189.61,195.89,187.35,190.99,2261555.556
SOLUSDT,2025-08-18T00:00:00+00:00,2025-08-18T23:59:59.999000+00:00,2025-08-19T00:00:00.999000+00:00,191.0,191.33,180.0,182.94,3374074.697
SOLUSDT,2025-08-19T00:00:00+00:00,2025-08-19T23:59:59.999000+00:00,2025-08-20T00:00:00.999000+00:00,182.94,185.87,175.69,176.22,3260089.959
SOLUSDT,2025-08-20T00:00:00+00:00,2025-08-20T23:59:59.999000+00:00,2025-08-21T00:00:00.999000+00:00,176.22,187.97,176.04,187.94,3464957.674
SOLUSDT,2025-08-21T00:00:00+00:00,2025-08-21T23:59:59.999000+00:00,2025-08-22T00:00:00.999000+00:00,187.95,190.1,179.43,180.29,2914511.603
SOLUSDT,2025-08-22T00:00:00+00:00,2025-08-22T23:59:59.999000+00:00,2025-08-23T00:00:00.999000+00:00,180.3,202.4,177.27,200.69,6594118.389
SOLUSDT,2025-08-23T00:00:00+00:00,2025-08-23T23:59:59.999000+00:00,2025-08-24T00:00:00.999000+00:00,200.69,208.62,195.26,204.14,4788640.759
SOLUSDT,2025-08-24T00:00:00+00:00,2025-08-24T23:59:59.999000+00:00,2025-08-25T00:00:00.999000+00:00,204.15,211.99,201.09,205.98,7165649.238
SOLUSDT,2025-08-25T00:00:00+00:00,2025-08-25T23:59:59.999000+00:00,2025-08-26T00:00:00.999000+00:00,205.99,213.6,185.33,187.2,7953100.753
SOLUSDT,2025-08-26T00:00:00+00:00,2025-08-26T23:59:59.999000+00:00,2025-08-27T00:00:00.999000+00:00,187.19,198.1,185.58,195.86,4734419.522
SOLUSDT,2025-08-27T00:00:00+00:00,2025-08-27T23:59:59.999000+00:00,2025-08-28T00:00:00.999000+00:00,195.85,212.08,193.78,202.95,7835140.154
SOLUSDT,2025-08-28T00:00:00+00:00,2025-08-28T23:59:59.999000+00:00,2025-08-29T00:00:00.999000+00:00,202.95,216.89,201.72,214.43,7247306.546
SOLUSDT,2025-08-29T00:00:00+00:00,2025-08-29T23:59:59.999000+00:00,2025-08-30T00:00:00.999000+00:00,214.43,218.0,199.85,205.08,8607486.597
SOLUSDT,2025-08-30T00:00:00+00:00,2025-08-30T23:59:59.999000+00:00,2025-08-31T00:00:00.999000+00:00,205.09,207.06,197.52,202.7,3894576.115
SOLUSDT,2025-08-31T00:00:00+00:00,2025-08-31T23:59:59.999000+00:00,2025-09-01T00:00:00.999000+00:00,202.7,206.66,200.28,200.62,3303223.948
SOLUSDT,2025-09-01T00:00:00+00:00,2025-09-01T23:59:59.999000+00:00,2025-09-02T00:00:00.999000+00:00,200.62,204.58,194.19,197.32,4464767.773
SOLUSDT,2025-09-02T00:00:00+00:00,2025-09-02T23:59:59.999000+00:00,2025-09-03T00:00:00.999000+00:00,197.32,209.68,196.77,209.65,4894637.549
SOLUSDT,2025-09-03T00:00:00+00:00,2025-09-03T23:59:59.999000+00:00,2025-09-04T00:00:00.999000+00:00,209.64,213.02,207.42,210.77,4063191.683
SOLUSDT,2025-09-04T00:00:00+00:00,2025-09-04T23:59:59.999000+00:00,2025-09-05T00:00:00.999000+00:00,210.77,211.94,201.84,202.32,2726779.277
SOLUSDT,2025-09-05T00:00:00+00:00,2025-09-05T23:59:59.999000+00:00,2025-09-06T00:00:00.999000+00:00,202.32,210.0,200.95,203.36,4121395.255
SOLUSDT,2025-09-06T00:00:00+00:00,2025-09-06T23:59:59.999000+00:00,2025-09-07T00:00:00.999000+00:00,203.37,204.68,199.32,200.16,1481500.997
SOLUSDT,2025-09-07T00:00:00+00:00,2025-09-07T23:59:59.999000+00:00,2025-09-08T00:00:00.999000+00:00,200.17,207.95,200.12,206.35,2217510.763
SOLUSDT,2025-09-08T00:00:00+00:00,2025-09-08T23:59:59.999000+00:00,2025-09-09T00:00:00.999000+00:00,206.35,217.11,205.59,214.11,5729678.935
SOLUSDT,2025-09-09T00:00:00+00:00,2025-09-09T23:59:59.999000+00:00,2025-09-10T00:00:00.999000+00:00,214.11,219.79,210.79,217.21,4979304.713
SOLUSDT,2025-09-10T00:00:00+00:00,2025-09-10T23:59:59.999000+00:00,2025-09-11T00:00:00.999000+00:00,217.22,226.0,215.09,224.07,4824185.212
SOLUSDT,2025-09-11T00:00:00+00:00,2025-09-11T23:59:59.999000+00:00,2025-09-12T00:00:00.999000+00:00,224.06,228.95,221.72,228.73,4352357.001
SOLUSDT,2025-09-12T00:00:00+00:00,2025-09-12T23:59:59.999000+00:00,2025-09-13T00:00:00.999000+00:00,228.73,244.04,228.11,242.18,5891653.931
SOLUSDT,2025-09-13T00:00:00+00:00,2025-09-13T23:59:59.999000+00:00,2025-09-14T00:00:00.999000+00:00,242.18,244.14,235.73,242.38,3305661.265
SOLUSDT,2025-09-14T00:00:00+00:00,2025-09-14T23:59:59.999000+00:00,2025-09-15T00:00:00.999000+00:00,242.38,249.6,239.23,239.76,4165171.128
SOLUSDT,2025-09-15T00:00:00+00:00,2025-09-15T23:59:59.999000+00:00,2025-09-16T00:00:00.999000+00:00,239.75,244.0,230.15,234.31,4733589.619
SOLUSDT,2025-09-16T00:00:00+00:00,2025-09-16T23:59:59.999000+00:00,2025-09-17T00:00:00.999000+00:00,234.32,240.95,231.26,236.96,3181627.06
SOLUSDT,2025-09-17T00:00:00+00:00,2025-09-17T23:59:59.999000+00:00,2025-09-18T00:00:00.999000+00:00,236.96,246.62,232.23,244.84,4771529.493
SOLUSDT,2025-09-18T00:00:00+00:00,2025-09-18T23:59:59.999000+00:00,2025-09-19T00:00:00.999000+00:00,244.84,253.51,242.58,247.5,3916890.908
SOLUSDT,2025-09-19T00:00:00+00:00,2025-09-19T23:59:59.999000+00:00,2025-09-20T00:00:00.999000+00:00,247.5,248.57,235.12,238.53,3384985.698
SOLUSDT,2025-09-20T00:00:00+00:00,2025-09-20T23:59:59.999000+00:00,2025-09-21T00:00:00.999000+00:00,238.53,241.22,236.91,239.48,1550489.215
SOLUSDT,2025-09-21T00:00:00+00:00,2025-09-21T23:59:59.999000+00:00,2025-09-22T00:00:00.999000+00:00,239.48,241.82,235.32,236.16,1392437.976
SOLUSDT,2025-09-22T00:00:00+00:00,2025-09-22T23:59:59.999000+00:00,2025-09-23T00:00:00.999000+00:00,236.16,236.96,214.5,220.38,5836593.703
SOLUSDT,2025-09-23T00:00:00+00:00,2025-09-23T23:59:59.999000+00:00,2025-09-24T00:00:00.999000+00:00,220.39,221.71,212.34,213.3,3448908.468
SOLUSDT,2025-09-24T00:00:00+00:00,2025-09-24T23:59:59.999000+00:00,2025-09-25T00:00:00.999000+00:00,213.29,216.45,204.81,211.6,4427457.526
SOLUSDT,2025-09-25T00:00:00+00:00,2025-09-25T23:59:59.999000+00:00,2025-09-26T00:00:00.999000+00:00,211.61,212.44,191.32,192.74,6761257.291
SOLUSDT,2025-09-26T00:00:00+00:00,2025-09-26T23:59:59.999000+00:00,2025-09-27T00:00:00.999000+00:00,192.73,205.52,190.8,205.17,5623202.874
SOLUSDT,2025-09-27T00:00:00+00:00,2025-09-27T23:59:59.999000+00:00,2025-09-28T00:00:00.999000+00:00,205.16,205.43,199.88,203.46,2104933.415
SOLUSDT,2025-09-28T00:00:00+00:00,2025-09-28T23:59:59.999000+00:00,2025-09-29T00:00:00.999000+00:00,203.47,211.0,198.0,210.83,2194260.074
SOLUSDT,2025-09-29T00:00:00+00:00,2025-09-29T23:59:59.999000+00:00,2025-09-30T00:00:00.999000+00:00,210.83,214.74,204.58,212.75,3213098.851
SOLUSDT,2025-09-30T00:00:00+00:00,2025-09-30T23:59:59.999000+00:00,2025-10-01T00:00:00.999000+00:00,212.74,213.67,204.29,208.68,3264781.485
SOLUSDT,2025-10-01T00:00:00+00:00,2025-10-01T23:59:59.999000+00:00,2025-10-02T00:00:00.999000+00:00,208.68,222.77,206.31,222.04,4050260.921
SOLUSDT,2025-10-02T00:00:00+00:00,2025-10-02T23:59:59.999000+00:00,2025-10-03T00:00:00.999000+00:00,222.04,234.99,219.52,234.74,4590696.388
SOLUSDT,2025-10-03T00:00:00+00:00,2025-10-03T23:59:59.999000+00:00,2025-10-04T00:00:00.999000+00:00,234.74,237.0,227.13,232.84,4216611.614
SOLUSDT,2025-10-04T00:00:00+00:00,2025-10-04T23:59:59.999000+00:00,2025-10-05T00:00:00.999000+00:00,232.84,234.05,224.07,227.86,1841410.605
SOLUSDT,2025-10-05T00:00:00+00:00,2025-10-05T23:59:59.999000+00:00,2025-10-06T00:00:00.999000+00:00,227.86,237.22,226.45,228.56,3099633.526
SOLUSDT,2025-10-06T00:00:00+00:00,2025-10-06T23:59:59.999000+00:00,2025-10-07T00:00:00.999000+00:00,228.56,237.79,227.55,232.35,2981928.375
SOLUSDT,2025-10-07T00:00:00+00:00,2025-10-07T23:59:59.999000+00:00,2025-10-08T00:00:00.999000+00:00,232.35,235.21,219.7,219.97,4401045.757
SOLUSDT,2025-10-08T00:00:00+00:00,2025-10-08T23:59:59.999000+00:00,2025-10-09T00:00:00.999000+00:00,219.98,229.72,217.3,229.02,3103760.645
SOLUSDT,2025-10-09T00:00:00+00:00,2025-10-09T23:59:59.999000+00:00,2025-10-10T00:00:00.999000+00:00,229.03,229.69,216.53,220.93,3272953.431
SOLUSDT,2025-10-10T00:00:00+00:00,2025-10-10T23:59:59.999000+00:00,2025-10-11T00:00:00.999000+00:00,220.93,224.46,168.79,188.43,9622835.429
SOLUSDT,2025-10-11T00:00:00+00:00,2025-10-11T23:59:59.999000+00:00,2025-10-12T00:00:00.999000+00:00,188.43,191.05,172.58,177.62,7292387.248
SOLUSDT,2025-10-12T00:00:00+00:00,2025-10-12T23:59:59.999000+00:00,2025-10-13T00:00:00.999000+00:00,177.63,199.0,173.0,197.0,6486999.721
SOLUSDT,2025-10-13T00:00:00+00:00,2025-10-13T23:59:59.999000+00:00,2025-10-14T00:00:00.999000+00:00,196.99,209.28,190.02,208.69,6253161.511
SOLUSDT,2025-10-14T00:00:00+00:00,2025-10-14T23:59:59.999000+00:00,2025-10-15T00:00:00.999000+00:00,208.69,211.25,191.03,202.44,7349167.875
SOLUSDT,2025-10-15T00:00:00+00:00,2025-10-15T23:59:59.999000+00:00,2025-10-16T00:00:00.999000+00:00,202.45,208.91,192.04,193.84,5369155.439
SOLUSDT,2025-10-16T00:00:00+00:00,2025-10-16T23:59:59.999000+00:00,2025-10-17T00:00:00.999000+00:00,193.84,198.42,182.03,184.85,5404640.663
SOLUSDT,2025-10-17T00:00:00+00:00,2025-10-17T23:59:59.999000+00:00,2025-10-18T00:00:00.999000+00:00,184.84,187.55,174.06,181.96,6102908.877
SOLUSDT,2025-10-18T00:00:00+00:00,2025-10-18T23:59:59.999000+00:00,2025-10-19T00:00:00.999000+00:00,181.97,188.26,181.75,187.56,2105841.095
SOLUSDT,2025-10-19T00:00:00+00:00,2025-10-19T23:59:59.999000+00:00,2025-10-20T00:00:00.999000+00:00,187.55,192.29,183.19,187.86,2483964.6
SOLUSDT,2025-10-20T00:00:00+00:00,2025-10-20T23:59:59.999000+00:00,2025-10-21T00:00:00.999000+00:00,187.86,194.5,183.82,189.71,3178001.499
SOLUSDT,2025-10-21T00:00:00+00:00,2025-10-21T23:59:59.999000+00:00,2025-10-22T00:00:00.999000+00:00,189.71,197.71,182.72,185.63,4651082.621
SOLUSDT,2025-10-22T00:00:00+00:00,2025-10-22T23:59:59.999000+00:00,2025-10-23T00:00:00.999000+00:00,185.62,187.45,177.04,180.12,3977004.715
SOLUSDT,2025-10-23T00:00:00+00:00,2025-10-23T23:59:59.999000+00:00,2025-10-24T00:00:00.999000+00:00,180.13,193.45,179.68,191.35,3501959.115
SOLUSDT,2025-10-24T00:00:00+00:00,2025-10-24T23:59:59.999000+00:00,2025-10-25T00:00:00.999000+00:00,191.36,197.0,188.83,193.59,3356762.626
SOLUSDT,2025-10-25T00:00:00+00:00,2025-10-25T23:59:59.999000+00:00,2025-10-26T00:00:00.999000+00:00,193.58,195.25,191.19,193.84,1626838.938
SOLUSDT,2025-10-26T00:00:00+00:00,2025-10-26T23:59:59.999000+00:00,2025-10-27T00:00:00.999000+00:00,193.84,202.43,191.9,200.03,2577750.13
SOLUSDT,2025-10-27T00:00:00+00:00,2025-10-27T23:59:59.999000+00:00,2025-10-28T00:00:00.999000+00:00,200.03,205.33,197.34,198.7,3515609.387
SOLUSDT,2025-10-28T00:00:00+00:00,2025-10-28T23:59:59.999000+00:00,2025-10-29T00:00:00.999000+00:00,198.71,203.99,190.22,194.15,4329169.961
SOLUSDT,2025-10-29T00:00:00+00:00,2025-10-29T23:59:59.999000+00:00,2025-10-30T00:00:00.999000+00:00,194.16,201.7,189.37,193.88,4620887.829
SOLUSDT,2025-10-30T00:00:00+00:00,2025-10-30T23:59:59.999000+00:00,2025-10-31T00:00:00.999000+00:00,193.89,198.19,178.65,184.69,5054538.263
SOLUSDT,2025-10-31T00:00:00+00:00,2025-10-31T23:59:59.999000+00:00,2025-11-01T00:00:00.999000+00:00,184.69,190.26,183.7,187.21,3193393.84
SOLUSDT,2025-11-01T00:00:00+00:00,2025-11-01T23:59:59.999000+00:00,2025-11-02T00:00:00.999000+00:00,187.21,187.55,183.79,186.35,1484505.22
SOLUSDT,2025-11-02T00:00:00+00:00,2025-11-02T23:59:59.999000+00:00,2025-11-03T00:00:00.999000+00:00,186.35,188.34,182.0,187.71,1761297.557
SOLUSDT,2025-11-03T00:00:00+00:00,2025-11-03T23:59:59.999000+00:00,2025-11-04T00:00:00.999000+00:00,187.71,189.13,163.15,166.06,7327613.063
SOLUSDT,2025-11-04T00:00:00+00:00,2025-11-04T23:59:59.999000+00:00,2025-11-05T00:00:00.999000+00:00,166.06,168.42,145.85,155.03,8288577.565
SOLUSDT,2025-11-05T00:00:00+00:00,2025-11-05T23:59:59.999000+00:00,2025-11-06T00:00:00.999000+00:00,155.04,163.97,147.29,162.37,4650531.688
SOLUSDT,2025-11-06T00:00:00+00:00,2025-11-06T23:59:59.999000+00:00,2025-11-07T00:00:00.999000+00:00,162.37,162.91,153.45,155.28,3576753.327
SOLUSDT,2025-11-07T00:00:00+00:00,2025-11-07T23:59:59.999000+00:00,2025-11-08T00:00:00.999000+00:00,155.27,164.48,149.82,161.79,4213077.972
SOLUSDT,2025-11-08T00:00:00+00:00,2025-11-08T23:59:59.999000+00:00,2025-11-09T00:00:00.999000+00:00,161.8,164.89,155.8,158.02,2502927.24
SOLUSDT,2025-11-09T00:00:00+00:00,2025-11-09T23:59:59.999000+00:00,2025-11-10T00:00:00.999000+00:00,158.01,166.57,155.11,164.53,3231789.575
SOLUSDT,2025-11-10T00:00:00+00:00,2025-11-10T23:59:59.999000+00:00,2025-11-11T00:00:00.999000+00:00,164.53,170.48,163.42,167.31,3628961.126
SOLUSDT,2025-11-11T00:00:00+00:00,2025-11-11T23:59:59.999000+00:00,2025-11-12T00:00:00.999000+00:00,167.31,171.94,153.93,154.63,4702104.213
SOLUSDT,2025-11-12T00:00:00+00:00,2025-11-12T23:59:59.999000+00:00,2025-11-13T00:00:00.999000+00:00,154.63,161.14,151.2,153.42,4139205.467
SOLUSDT,2025-11-13T00:00:00+00:00,2025-11-13T23:59:59.999000+00:00,2025-11-14T00:00:00.999000+00:00,153.43,157.2,141.04,144.73,5418189.697
SOLUSDT,2025-11-14T00:00:00+00:00,2025-11-14T23:59:59.999000+00:00,2025-11-15T00:00:00.999000+00:00,144.74,145.68,135.76,138.92,6176425.147
SOLUSDT,2025-11-15T00:00:00+00:00,2025-11-15T23:59:59.999000+00:00,2025-11-16T00:00:00.999000+00:00,138.93,144.69,138.61,139.61,2351478.022
SOLUSDT,2025-11-16T00:00:00+00:00,2025-11-16T23:59:59.999000+00:00,2025-11-17T00:00:00.999000+00:00,139.6,143.38,134.42,137.17,3385434.284
SOLUSDT,2025-11-17T00:00:00+00:00,2025-11-17T23:59:59.999000+00:00,2025-11-18T00:00:00.999000+00:00,137.17,143.28,128.82,130.99,5624720.775
SOLUSDT,2025-11-18T00:00:00+00:00,2025-11-18T23:59:59.999000+00:00,2025-11-19T00:00:00.999000+00:00,131.0,142.17,129.0,140.69,5528848.81
SOLUSDT,2025-11-19T00:00:00+00:00,2025-11-19T23:59:59.999000+00:00,2025-11-20T00:00:00.999000+00:00,140.68,142.84,130.53,137.06,4268467.044
SOLUSDT,2025-11-20T00:00:00+00:00,2025-11-20T23:59:59.999000+00:00,2025-11-21T00:00:00.999000+00:00,137.06,144.8,131.11,133.67,7048254.224
SOLUSDT,2025-11-21T00:00:00+00:00,2025-11-21T23:59:59.999000+00:00,2025-11-22T00:00:00.999000+00:00,133.67,135.06,121.66,128.68,8285885.693
SOLUSDT,2025-11-22T00:00:00+00:00,2025-11-22T23:59:59.999000+00:00,2025-11-23T00:00:00.999000+00:00,128.69,129.94,125.08,127.59,2612487.859
SOLUSDT,2025-11-23T00:00:00+00:00,2025-11-23T23:59:59.999000+00:00,2025-11-24T00:00:00.999000+00:00,127.6,133.54,127.56,130.58,2818715.19
SOLUSDT,2025-11-24T00:00:00+00:00,2025-11-24T23:59:59.999000+00:00,2025-11-25T00:00:00.999000+00:00,130.58,139.87,128.44,138.44,4744857.046
SOLUSDT,2025-11-25T00:00:00+00:00,2025-11-25T23:59:59.999000+00:00,2025-11-26T00:00:00.999000+00:00,138.43,140.5,133.13,138.96,2994819.853
SOLUSDT,2025-11-26T00:00:00+00:00,2025-11-26T23:59:59.999000+00:00,2025-11-27T00:00:00.999000+00:00,138.96,144.75,135.5,143.02,4021862.67
SOLUSDT,2025-11-27T00:00:00+00:00,2025-11-27T23:59:59.999000+00:00,2025-11-28T00:00:00.999000+00:00,143.01,144.29,140.47,140.85,2331673.189
SOLUSDT,2025-11-28T00:00:00+00:00,2025-11-28T23:59:59.999000+00:00,2025-11-29T00:00:00.999000+00:00,140.85,143.6,136.01,137.33,3502510.031
SOLUSDT,2025-11-29T00:00:00+00:00,2025-11-29T23:59:59.999000+00:00,2025-11-30T00:00:00.999000+00:00,137.33,138.1,134.76,135.91,1859321.171
SOLUSDT,2025-11-30T00:00:00+00:00,2025-11-30T23:59:59.999000+00:00,2025-12-01T00:00:00.999000+00:00,135.92,140.19,133.26,133.48,2608165.329
SOLUSDT,2025-12-01T00:00:00+00:00,2025-12-01T23:59:59.999000+00:00,2025-12-02T00:00:00.999000+00:00,133.48,133.74,123.11,126.66,5007504.057
SOLUSDT,2025-12-02T00:00:00+00:00,2025-12-02T23:59:59.999000+00:00,2025-12-03T00:00:00.999000+00:00,126.66,140.88,126.01,138.68,5022856.747
SOLUSDT,2025-12-03T00:00:00+00:00,2025-12-03T23:59:59.999000+00:00,2025-12-04T00:00:00.999000+00:00,138.67,146.08,137.76,144.67,3954144.805
SOLUSDT,2025-12-04T00:00:00+00:00,2025-12-04T23:59:59.999000+00:00,2025-12-05T00:00:00.999000+00:00,144.67,146.91,137.8,139.01,2694242.241
SOLUSDT,2025-12-05T00:00:00+00:00,2025-12-05T23:59:59.999000+00:00,2025-12-06T00:00:00.999000+00:00,139.01,140.75,130.73,133.29,3367359.143
SOLUSDT,2025-12-06T00:00:00+00:00,2025-12-06T23:59:59.999000+00:00,2025-12-07T00:00:00.999000+00:00,133.29,134.13,131.28,132.19,1341595.431
SOLUSDT,2025-12-07T00:00:00+00:00,2025-12-07T23:59:59.999000+00:00,2025-12-08T00:00:00.999000+00:00,132.2,136.35,127.7,132.24,3131804.491
SOLUSDT,2025-12-08T00:00:00+00:00,2025-12-08T23:59:59.999000+00:00,2025-12-09T00:00:00.999000+00:00,132.25,139.36,131.52,133.25,3245115.426
SOLUSDT,2025-12-09T00:00:00+00:00,2025-12-09T23:59:59.999000+00:00,2025-12-10T00:00:00.999000+00:00,133.24,144.93,131.62,137.88,4508522.034
SOLUSDT,2025-12-10T00:00:00+00:00,2025-12-10T23:59:59.999000+00:00,2025-12-11T00:00:00.999000+00:00,137.87,142.57,135.39,136.26,4520230.276
SOLUSDT,2025-12-11T00:00:00+00:00,2025-12-11T23:59:59.999000+00:00,2025-12-12T00:00:00.999000+00:00,136.26,137.79,129.0,136.41,4377697.036
SOLUSDT,2025-12-12T00:00:00+00:00,2025-12-12T23:59:59.999000+00:00,2025-12-13T00:00:00.999000+00:00,136.41,140.12,130.35,132.27,4005608.262
SOLUSDT,2025-12-13T00:00:00+00:00,2025-12-13T23:59:59.999000+00:00,2025-12-14T00:00:00.999000+00:00,132.28,134.28,131.6,133.14,1472483.735
SOLUSDT,2025-12-14T00:00:00+00:00,2025-12-14T23:59:59.999000+00:00,2025-12-15T00:00:00.999000+00:00,133.13,133.66,127.98,129.4,1731614.637
SOLUSDT,2025-12-15T00:00:00+00:00,2025-12-15T23:59:59.999000+00:00,2025-12-16T00:00:00.999000+00:00,129.39,135.43,123.63,127.81,3922431.0
SOLUSDT,2025-12-16T00:00:00+00:00,2025-12-16T23:59:59.999000+00:00,2025-12-17T00:00:00.999000+00:00,127.81,130.14,124.87,129.15,2884783.998
SOLUSDT,2025-12-17T00:00:00+00:00,2025-12-17T23:59:59.999000+00:00,2025-12-18T00:00:00.999000+00:00,129.15,133.99,121.36,123.27,4525580.216
SOLUSDT,2025-12-18T00:00:00+00:00,2025-12-18T23:59:59.999000+00:00,2025-12-19T00:00:00.999000+00:00,123.28,129.05,116.88,119.6,4790795.008
SOLUSDT,2025-12-19T00:00:00+00:00,2025-12-19T23:59:59.999000+00:00,2025-12-20T00:00:00.999000+00:00,119.6,127.87,117.61,126.27,4090548.592
SOLUSDT,2025-12-20T00:00:00+00:00,2025-12-20T23:59:59.999000+00:00,2025-12-21T00:00:00.999000+00:00,126.27,126.89,125.3,125.81,1229353.586
SOLUSDT,2025-12-21T00:00:00+00:00,2025-12-21T23:59:59.999000+00:00,2025-12-22T00:00:00.999000+00:00,125.8,126.62,123.4,126.03,1812103.189
SOLUSDT,2025-12-22T00:00:00+00:00,2025-12-22T23:59:59.999000+00:00,2025-12-23T00:00:00.999000+00:00,126.03,128.78,124.2,125.93,2667589.146
SOLUSDT,2025-12-23T00:00:00+00:00,2025-12-23T23:59:59.999000+00:00,2025-12-24T00:00:00.999000+00:00,125.93,126.93,122.16,124.01,2440030.872
SOLUSDT,2025-12-24T00:00:00+00:00,2025-12-24T23:59:59.999000+00:00,2025-12-25T00:00:00.999000+00:00,124.02,124.3,120.63,122.53,1605450.498
SOLUSDT,2025-12-25T00:00:00+00:00,2025-12-25T23:59:59.999000+00:00,2025-12-26T00:00:00.999000+00:00,122.52,124.46,119.71,120.06,1818325.148
SOLUSDT,2025-12-26T00:00:00+00:00,2025-12-26T23:59:59.999000+00:00,2025-12-27T00:00:00.999000+00:00,120.05,125.14,119.24,122.26,3326516.562
SOLUSDT,2025-12-27T00:00:00+00:00,2025-12-27T23:59:59.999000+00:00,2025-12-28T00:00:00.999000+00:00,122.27,125.08,121.86,124.73,1357802.112
SOLUSDT,2025-12-28T00:00:00+00:00,2025-12-28T23:59:59.999000+00:00,2025-12-29T00:00:00.999000+00:00,124.74,125.64,123.08,125.27,1828960.451
SOLUSDT,2025-12-29T00:00:00+00:00,2025-12-29T23:59:59.999000+00:00,2025-12-30T00:00:00.999000+00:00,125.27,130.16,122.36,123.28,4307595.105
SOLUSDT,2025-12-30T00:00:00+00:00,2025-12-30T23:59:59.999000+00:00,2025-12-31T00:00:00.999000+00:00,123.28,126.52,122.58,125.01,2480631.516
SOLUSDT,2025-12-31T00:00:00+00:00,2025-12-31T23:59:59.999000+00:00,2026-01-01T00:00:00.999000+00:00,125.02,132.75,122.99,124.65,2941643.658
